{
    "Agent": {
        "total": 0.021242856979370117
    },
    "Env": {
        "apply_act": 0.5753641128540039,
        "observation_computation": 0.21886777877807617,
        "powerflow_computation": 0.24595284461975098,
        "total": 1.040184736251831
    },
    "total": 1.2477216720581055
}