{
    "Agent": {
        "total": 0.3752000331878662
    },
    "Env": {
        "apply_act": 0.7202470302581787,
        "observation_computation": 0.2754817008972168,
        "powerflow_computation": 0.3103151321411133,
        "total": 1.3060438632965088
    },
    "total": 1.9068067073822021
}