{
    "Agent": {
        "total": 0.010000944137573242
    },
    "Env": {
        "apply_act": 0.268355131149292,
        "observation_computation": 0.1022191047668457,
        "powerflow_computation": 0.11607646942138672,
        "total": 0.4866507053375244
    },
    "total": 0.5831396579742432
}