{
    "Agent": {
        "total": 3.8480496406555176
    },
    "Env": {
        "apply_act": 1.4542624950408936,
        "observation_computation": 0.5617547035217285,
        "powerflow_computation": 0.6233320236206055,
        "total": 2.6393492221832275
    },
    "total": 6.939368009567261
}