{
    "Agent": {
        "total": 8.705060720443726
    },
    "Env": {
        "apply_act": 0.1321718692779541,
        "observation_computation": 0.05116534233093262,
        "powerflow_computation": 0.0586395263671875,
        "total": 0.24197673797607422
    },
    "total": 9.000301361083984
}