{
    "Agent": {
        "total": 1.7878830432891846
    },
    "Env": {
        "apply_act": 0.6914961338043213,
        "observation_computation": 0.26511359214782715,
        "powerflow_computation": 0.296311616897583,
        "total": 1.2529213428497314
    },
    "total": 3.2574868202209473
}