{
    "Agent": {
        "total": 2.8572685718536377
    },
    "Env": {
        "apply_act": 0.7169060707092285,
        "observation_computation": 0.2761416435241699,
        "powerflow_computation": 0.30754852294921875,
        "total": 1.3005962371826172
    },
    "total": 4.381196022033691
}