{
    "Agent": {
        "total": 0.0074999332427978516
    },
    "Env": {
        "apply_act": 0.1927967071533203,
        "observation_computation": 0.07666206359863281,
        "powerflow_computation": 0.087310791015625,
        "total": 0.3567695617675781
    },
    "total": 0.42940521240234375
}