{
    "Agent": {
        "total": 114.6273729801178
    },
    "Env": {
        "apply_act": 0.671306848526001,
        "observation_computation": 0.25862908363342285,
        "powerflow_computation": 0.29119014739990234,
        "total": 1.2211260795593262
    },
    "total": 116.11609077453613
}