{
    "Agent": {
        "total": 1.8544137477874756
    },
    "Env": {
        "apply_act": 0.6448373794555664,
        "observation_computation": 0.2529110908508301,
        "powerflow_computation": 0.29696035385131836,
        "total": 1.1947088241577148
    },
    "total": 3.255403518676758
}