{
    "Agent": {
        "total": 1.751690149307251
    },
    "Env": {
        "apply_act": 0.6259870529174805,
        "observation_computation": 0.24588966369628906,
        "powerflow_computation": 0.28256773948669434,
        "total": 1.1544444561004639
    },
    "total": 3.1386566162109375
}