{
    "Agent": {
        "total": 0.038820743560791016
    },
    "Env": {
        "apply_act": 0.7057218551635742,
        "observation_computation": 0.27285218238830566,
        "powerflow_computation": 0.3088052272796631,
        "total": 1.287379264831543
    },
    "total": 1.557138204574585
}