{
    "Agent": {
        "total": 5.277074098587036
    },
    "Env": {
        "apply_act": 0.7990541458129883,
        "observation_computation": 0.31137681007385254,
        "powerflow_computation": 0.34967589378356934,
        "total": 1.4601068496704102
    },
    "total": 6.988584041595459
}