{
    "Agent": {
        "total": 2.775120973587036
    },
    "Env": {
        "apply_act": 0.29648780822753906,
        "observation_computation": 0.11251568794250488,
        "powerflow_computation": 0.1261141300201416,
        "total": 0.5351176261901855
    },
    "total": 3.401447057723999
}