{
    "Agent": {
        "total": 0.37593746185302734
    },
    "Env": {
        "apply_act": 0.7282552719116211,
        "observation_computation": 0.27831292152404785,
        "powerflow_computation": 0.30536556243896484,
        "total": 1.3119337558746338
    },
    "total": 2.0120418071746826
}