{
    "Agent": {
        "total": 3.18937087059021
    },
    "Env": {
        "apply_act": 0.6301686763763428,
        "observation_computation": 0.2298564910888672,
        "powerflow_computation": 0.2749044895172119,
        "total": 1.1349296569824219
    },
    "total": 4.5410566329956055
}