{
    "Agent": {
        "total": 0.7075486183166504
    },
    "Env": {
        "apply_act": 1.2568848133087158,
        "observation_computation": 0.48378872871398926,
        "powerflow_computation": 0.5300016403198242,
        "total": 2.2706751823425293
    },
    "total": 3.435575246810913
}