{
    "Agent": {
        "total": 3.419013023376465
    },
    "Env": {
        "apply_act": 0.6691024303436279,
        "observation_computation": 0.24326586723327637,
        "powerflow_computation": 0.29528117179870605,
        "total": 1.2076494693756104
    },
    "total": 4.824529647827148
}