{
    "Agent": {
        "total": 0.7137637138366699
    },
    "Env": {
        "apply_act": 1.2494938373565674,
        "observation_computation": 0.48291802406311035,
        "powerflow_computation": 0.5379767417907715,
        "total": 2.270388603210449
    },
    "total": 3.3783159255981445
}