{
    "Agent": {
        "total": 0.28862905502319336
    },
    "Env": {
        "apply_act": 1.4873414039611816,
        "observation_computation": 0.5642726421356201,
        "powerflow_computation": 0.6342594623565674,
        "total": 2.685873508453369
    },
    "total": 3.5565009117126465
}