{
    "Agent": {
        "total": 0.010924816131591797
    },
    "Env": {
        "apply_act": 0.1909942626953125,
        "observation_computation": 0.07613849639892578,
        "powerflow_computation": 0.08762621879577637,
        "total": 0.35475897789001465
    },
    "total": 0.43033289909362793
}