{
    "Agent": {
        "total": 0.02513742446899414
    },
    "Env": {
        "apply_act": 0.6714076995849609,
        "observation_computation": 0.25636816024780273,
        "powerflow_computation": 0.2864687442779541,
        "total": 1.2142446041107178
    },
    "total": 1.4582860469818115
}