{
    "Agent": {
        "total": 0.08227014541625977
    },
    "Env": {
        "apply_act": 1.4695172309875488,
        "observation_computation": 0.5692384243011475,
        "powerflow_computation": 0.6441493034362793,
        "total": 2.6829049587249756
    },
    "total": 3.2477645874023438
}