{
    "Agent": {
        "total": 0.03627777099609375
    },
    "Env": {
        "apply_act": 0.6549890041351318,
        "observation_computation": 0.2547173500061035,
        "powerflow_computation": 0.2876286506652832,
        "total": 1.1973350048065186
    },
    "total": 1.4495441913604736
}