{
    "Agent": {
        "total": 2.801227569580078
    },
    "Env": {
        "apply_act": 0.2642495632171631,
        "observation_computation": 0.10098576545715332,
        "powerflow_computation": 0.11289644241333008,
        "total": 0.4781317710876465
    },
    "total": 3.3752405643463135
}