{
    "Agent": {
        "total": 0.03473019599914551
    },
    "Env": {
        "apply_act": 0.6131629943847656,
        "observation_computation": 0.24080133438110352,
        "powerflow_computation": 0.2759585380554199,
        "total": 1.129922866821289
    },
    "total": 1.368940830230713
}