{
    "Agent": {
        "total": 0.024121761322021484
    },
    "Env": {
        "apply_act": 0.6438558101654053,
        "observation_computation": 0.24703717231750488,
        "powerflow_computation": 0.27315831184387207,
        "total": 1.1640512943267822
    },
    "total": 1.3981225490570068
}