{
    "Agent": {
        "total": 0.024682044982910156
    },
    "Env": {
        "apply_act": 0.6611044406890869,
        "observation_computation": 0.2526438236236572,
        "powerflow_computation": 0.2827169895172119,
        "total": 1.196465253829956
    },
    "total": 1.4366977214813232
}