{
    "Agent": {
        "total": 0.013895988464355469
    },
    "Env": {
        "apply_act": 0.2501239776611328,
        "observation_computation": 0.09694266319274902,
        "powerflow_computation": 0.11067414283752441,
        "total": 0.45774078369140625
    },
    "total": 0.5535376071929932
}