{
    "Agent": {
        "total": 404.5372779369354
    },
    "Env": {
        "apply_act": 0.8618335723876953,
        "observation_computation": 0.32819604873657227,
        "powerflow_computation": 0.3713972568511963,
        "total": 1.5614268779754639
    },
    "total": 406.4415738582611
}