{
    "Agent": {
        "total": 2.9018595218658447
    },
    "Env": {
        "apply_act": 0.27252984046936035,
        "observation_computation": 0.10357046127319336,
        "powerflow_computation": 0.11841583251953125,
        "total": 0.49451613426208496
    },
    "total": 3.480290174484253
}